streamer_id,streamer_login,streamer_name,profile_image,view_count
0,139470326,handongsuk,한동숙,https://static-cdn.jtvnw.net/jtv_user_pictures/1d987a8ba88e252b-profile_image-300x300.png,30328331
1,190835892,lck_korea,LCK_Korea,https://static-cdn.jtvnw.net/jtv_user_pictures/b466437b-e3cf-4be6-b954-a158ffb26c67-profile_image-300x300.jpeg,75887284
2,103825127,hanryang1125,풍월량,https://static-cdn.jtvnw.net/jtv_user_pictures/hanryang1125-profile_image-58261d78af47d249-300x300.jpeg,56446633
3,30904062,saddummy,서새봄냥,https://static-cdn.jtvnw.net/jtv_user_pictures/saddummy-profile_image-925b92caa01026ae-300x300.jpeg,43501124
4,152596920,lol_ambition,앰비션_,https://static-cdn.jtvnw.net/jtv_user_pictures/8d9d49f3-d744-495b-ba28-facc57dc9381-profile_image-300x300.png,13761498
5,103861159,yapyap30,얍얍,https://static-cdn.jtvnw.net/jtv_user_pictures/a2de22d381b3fc15-profile_image-300x300.png,42762903
6,188864445,overwatchleague_kr,오버워치리그,https://static-cdn.jtvnw.net/jtv_user_pictures/030cdefe-9a20-43c3-bf01-3f893c11b8e8-profile_image-300x300.png,36720798
7,43691,faker,Faker,https://static-cdn.jtvnw.net/jtv_user_pictures/7879ab90-7bfd-4c5f-b658-96e267b39a42-profile_image-300x300.jpeg,54578198
8,102381201,ddahyoni,따효니,https://static-cdn.jtvnw.net/jtv_user_pictures/624ea6571705a4e4-profile_image-300x300.jpeg,25731771
9,102845970,kimdoe,김도,https://static-cdn.jtvnw.net/jtv_user_pictures/kimdoe-profile_image-354ecea9a42c41e9-300x300.png,24343129
10,62356185,looksam,룩삼,https://static-cdn.jtvnw.net/jtv_user_pictures/looksam-profile_image-5b099db649c1c306-300x300.jpeg,23318036
11,137922988,dlxowns45,태준이,https://static-cdn.jtvnw.net/jtv_user_pictures/436da679-674f-45c3-b331-3b10741355f6-profile_image-300x300.jpeg,8091461
12,131925215,jinu6734,김진우,https://static-cdn.jtvnw.net/jtv_user_pictures/d48767c9-fef7-48cf-9e10-e3baffefbb19-profile_image-300x300.png,8622855
13,138094321,h920103,이초홍,https://static-cdn.jtvnw.net/jtv_user_pictures/8b94d95d-36f8-4eac-b9db-7c2756f712f2-profile_image-300x300.png,6167571
14,42848761,tranth,자동,https://static-cdn.jtvnw.net/jtv_user_pictures/cd33f8950721399c-profile_image-300x300.png,6904735
15,156748712,yumyumyu77,소풍왔니,https://static-cdn.jtvnw.net/jtv_user_pictures/ec78524328df557b-profile_image-300x300.jpeg,21823132
16,140569811,wpckor,오린이야,https://static-cdn.jtvnw.net/jtv_user_pictures/b61b6f7a-ae38-4cf7-b901-3dfad5066791-profile_image-300x300.png,2458159
17,103203797,choerakjo,최락조,https://static-cdn.jtvnw.net/jtv_user_pictures/1ee8e0e4a078e76a-profile_image-300x300.jpeg,692536
18,48731544,ses836,인간젤리,https://static-cdn.jtvnw.net/jtv_user_pictures/7cce4c35-3e31-44d3-8018-9c82a921fc10-profile_image-300x300.jpg,6747648
19,225138277,jinsooo0,진수0,https://static-cdn.jtvnw.net/jtv_user_pictures/230d44cd-bffd-4b3e-bc1a-86388cce642d-profile_image-300x300.png,552570
20,133923936,2chamcham2,탬탬버린,https://static-cdn.jtvnw.net/jtv_user_pictures/4223ce80-605e-4cf6-81db-bdb19b92c35a-profile_image-300x300.png,14803185
21,143754803,hejin0_0,헤징,https://static-cdn.jtvnw.net/jtv_user_pictures/ca504b2b-7a5d-4941-9893-a10312318d96-profile_image-300x300.png,1338844
22,71013219,partingthebigboy,PartinGtheBigBoy,https://static-cdn.jtvnw.net/jtv_user_pictures/partingthebigboy-profile_image-7adba12dad8ff3eb-300x300.jpeg,2192883
23,160989002,ok_ja,박옥자누나,https://static-cdn.jtvnw.net/jtv_user_pictures/4fae4e45-b190-41fa-90b9-750b89d835c9-profile_image-300x300.jpg,2700805
24,158043399,osk4351,마왕병,https://static-cdn.jtvnw.net/jtv_user_pictures/9be7d141-c87c-4275-85f5-0c8b841023ce-profile_image-300x300.png,136829
25,131216802,cocopopp671,초승달,https://static-cdn.jtvnw.net/jtv_user_pictures/27c27c81-c19d-40a0-b438-cb85ee4fdd7b-profile_image-300x300.jpeg,23264547
26,177329360,taezzang,태은짱,https://static-cdn.jtvnw.net/jtv_user_pictures/6ad13d5c-d912-4d7b-8fd8-c97fb3870b38-profile_image-300x300.png,459553
27,140421078,rea37,레아냥,https://static-cdn.jtvnw.net/jtv_user_pictures/14059c63-c545-47e1-b5b5-7c29eca2fb39-profile_image-300x300.jpeg,1734627
28,31265359,kangqui,강퀴,https://static-cdn.jtvnw.net/jtv_user_pictures/kangqui-profile_image-f78ecff60fd1692b-300x300.jpeg,4634023
29,108947983,rellacast,앗앗,https://static-cdn.jtvnw.net/jtv_user_pictures/5611c305-4c44-4d9d-81c0-cb20b1d6585d-profile_image-300x300.jpeg,4394957
30,66375105,zilioner,침착맨,https://static-cdn.jtvnw.net/jtv_user_pictures/35a0fad8-a078-459a-b233-5f59ad9b1fc9-profile_image-300x300.png,17481667
31,137736535,dda_ju,다주,https://static-cdn.jtvnw.net/jtv_user_pictures/e19ac520d13f081f-profile_image-300x300.png,4499515
32,164245804,rogoer,리크리에이터,https://static-cdn.jtvnw.net/jtv_user_pictures/223ed9d6-f210-4c7b-a424-c3fd15ecb21e-profile_image-300x300.jpeg,53516
33,185398814,dkwl025,양아지,https://static-cdn.jtvnw.net/jtv_user_pictures/9f6861f3-9013-415c-a1ff-a7b8e309272e-profile_image-300x300.jpeg,1324690
34,149370845,sigwon,시권,https://static-cdn.jtvnw.net/jtv_user_pictures/76935559-5ca6-4a69-bac7-2d443cc610b8-profile_image-300x300.png,4990485
35,138240340,ajehr,머독,https://static-cdn.jtvnw.net/jtv_user_pictures/ajehr-profile_image-882544bdd63b3254-300x300.jpeg,16434878
36,148842622,hatsalsal,햇살살,https://static-cdn.jtvnw.net/jtv_user_pictures/a399dd42-4b57-4924-a6f5-c34b68a52c0a-profile_image-300x300.jpeg,4522234
37,407639332,hyelm,배리미,https://static-cdn.jtvnw.net/jtv_user_pictures/39acc424-a697-40b3-a578-d36601e95979-profile_image-300x300.png,206006
38,110345640,moogrr1211,무굴,https://static-cdn.jtvnw.net/jtv_user_pictures/a2f670f6-7648-4472-8b25-b4e175c5fc31-profile_image-300x300.jpeg,3420234
39,26837669,smartcrow,까막,https://static-cdn.jtvnw.net/jtv_user_pictures/smartcrow-profile_image-7032045820fd92ba-300x300.jpeg,880658
40,127718836,sal_gu,살인마협회장,https://static-cdn.jtvnw.net/jtv_user_pictures/dd94bf40-d6a4-42cb-b9fe-1f2ee118736a-profile_image-300x300.png,7829660
41,49469880,funzinnu,Funzinnu,https://static-cdn.jtvnw.net/jtv_user_pictures/357f04bcca53077c-profile_image-300x300.jpeg,2401469
42,134028817,kasushilollol,하세,https://static-cdn.jtvnw.net/jtv_user_pictures/2d48d1c8-7546-4202-9221-8bffc552f33b-profile_image-300x300.jpg,1130511
43,83257026,cherrypach,꽃핀,https://static-cdn.jtvnw.net/jtv_user_pictures/cherrypach-profile_image-67c00e22db3114eb-300x300.png,4926459
44,224764461,potoing777,당근로그777,https://static-cdn.jtvnw.net/jtv_user_pictures/0d45c23d-5f58-4ebc-96d4-7e5182e68b99-profile_image-300x300.png,596109
45,49045679,woowakgood,우왁굳,https://static-cdn.jtvnw.net/jtv_user_pictures/ebc60c08-721b-4572-8f51-8be7136a0c96-profile_image-300x300.png,24980175
46,112610505,acro_land,아크로,https://static-cdn.jtvnw.net/jtv_user_pictures/acro_land-profile_image-277e55ca1b519854-300x300.png,2366779
47,183012826,orhae,옹알님,https://static-cdn.jtvnw.net/jtv_user_pictures/8f7fc947-e710-4835-848f-e00daff6fecc-profile_image-300x300.jpg,1583918
48,25247111,sn400ja,액시스마이콜,https://static-cdn.jtvnw.net/jtv_user_pictures/df7725bb-bf72-4aba-8e48-442bd86c8814-profile_image-300x300.png,4315706
49,172879061,baedony,배돈,https://static-cdn.jtvnw.net/jtv_user_pictures/77b009d5-5128-4f6d-8207-db11d01032f1-profile_image-300x300.png,1084403
50,46834933,rudbeckia7,연두는말안드뤄,https://static-cdn.jtvnw.net/jtv_user_pictures/be95ad46-a70e-450e-9c4d-85f4f35334fc-profile_image-300x300.png,16352673
51,108655405,dou3796,뱅붕,https://static-cdn.jtvnw.net/jtv_user_pictures/e9f883d1-4553-4421-80eb-0968768e7e34-profile_image-300x300.png,6049961
52,131664608,nodolly,노돌리,https://static-cdn.jtvnw.net/jtv_user_pictures/a406d72a-51ca-459f-952b-c057bfd566bf-profile_image-300x300.png,3864722
53,106961925,ch1ckenkun,치킨쿤,https://static-cdn.jtvnw.net/jtv_user_pictures/ch1ckenkun-profile_image-85a9e0da8aef66c1-300x300.png,6926664
54,198269400,pparkshy,샤이__,https://static-cdn.jtvnw.net/jtv_user_pictures/4985b173-c355-4a16-bebe-954d1c0ec69d-profile_image-300x300.jpg,2272065
55,86126056,jungtaejune,똘똘똘이_,https://static-cdn.jtvnw.net/jtv_user_pictures/jungtaejune-profile_image-4acd9d00f22f4c47-300x300.jpeg,14191748
56,137921047,juyoung1114,갓샤인1,https://static-cdn.jtvnw.net/jtv_user_pictures/fb96293a1a27a412-profile_image-300x300.jpeg,3159451
57,130445097,9ambler,감블러,https://static-cdn.jtvnw.net/jtv_user_pictures/d870c643-dff4-4fbb-aac2-9e292f8a3a3e-profile_image-300x300.png,617257
58,276577237,boxer_lim,boxer_lim,https://static-cdn.jtvnw.net/jtv_user_pictures/c91f1abe-761a-4168-8f2c-4fd90328de76-profile_image-300x300.jpeg,4143306
59,406935267,yuriasmr,YuriAsmr,https://static-cdn.jtvnw.net/jtv_user_pictures/81b3f64e-b0fe-471b-8bfe-29f1fc4ca8cb-profile_image-300x300.png,582123
60,81857784,pacific8815,쌍베,https://static-cdn.jtvnw.net/jtv_user_pictures/481c81b7-573b-4d8e-a06e-2b5b91464e56-profile_image-300x300.jpg,7924328
61,49655919,rainblue37,김블루,https://static-cdn.jtvnw.net/jtv_user_pictures/957eb92b5d2ecee6-profile_image-300x300.png,2157354
62,138387776,menpa1030,멘파,https://static-cdn.jtvnw.net/jtv_user_pictures/menpa1030-profile_image-372d240ceb38e116-300x300.jpeg,2970727
63,153038708,soulkrlol,소우릎,https://static-cdn.jtvnw.net/jtv_user_pictures/c290c057-49ea-408d-8a2f-499b324315d1-profile_image-300x300.png,1930730
64,152599001,cbrace,중괄호,https://static-cdn.jtvnw.net/jtv_user_pictures/68669de3318a7744-profile_image-300x300.jpeg,956839
65,93049594,rhdgurwns,공혁준,https://static-cdn.jtvnw.net/jtv_user_pictures/rhdgurwns-profile_image-3d9246fac0f2faaa-300x300.jpeg,17370946
66,137761401,h0270,군림보,https://static-cdn.jtvnw.net/jtv_user_pictures/cd5422ee54f96dbc-profile_image-300x300.png,2975620
67,63563054,team_spiritzero,스피릿제로,https://static-cdn.jtvnw.net/jtv_user_pictures/team_spiritzero-profile_image-34024d6104ecb826-300x300.png,9619227
68,148057505,tmxk319,괴물쥐123,https://static-cdn.jtvnw.net/jtv_user_pictures/59b10cc7-772e-48a9-92df-066e9a35862b-profile_image-300x300.jpg,362948
69,163469195,coppag2,꿀혜,https://static-cdn.jtvnw.net/jtv_user_pictures/9027a030-5ec2-4984-8287-c7d7e0560303-profile_image-300x300.jpeg,1656293
70,92371909,flurry1989,플러리,https://static-cdn.jtvnw.net/jtv_user_pictures/262bfb4688af2c15-profile_image-300x300.jpeg,9939352
71,111849561,falgwang,귀마개,https://static-cdn.jtvnw.net/jtv_user_pictures/5db487b0-1ee9-4482-a938-3b95e2478337-profile_image-300x300.jpg,1445963
72,32119442,reapered,Reapered,https://static-cdn.jtvnw.net/jtv_user_pictures/af1a5466-6d66-4166-bda7-d08a153339f6-profile_image-300x300.jpg,3284964
73,137724090,mirage720,미라지,https://static-cdn.jtvnw.net/jtv_user_pictures/189f8571-a9d1-4d32-867f-a1422de274e5-profile_image-300x300.png,8878774
74,195247807,e_saem,윤이샘,https://static-cdn.jtvnw.net/jtv_user_pictures/3f002613-4c2b-4e16-a53f-ef593b18dda5-profile_image-300x300.png,465049
75,114774737,sunbaking,선바,https://static-cdn.jtvnw.net/jtv_user_pictures/a88771cd63552c80-profile_image-300x300.jpeg,3688650
76,138033816,ca_ramel,카라멜_,https://static-cdn.jtvnw.net/jtv_user_pictures/5a136197-812c-48e1-9738-d453a2ae3b30-profile_image-300x300.png,2727132
77,149414970,hanururu,하느르,https://static-cdn.jtvnw.net/jtv_user_pictures/f120c25a-be84-4f3c-9fa3-57719a35d0a6-profile_image-300x300.jpg,3976373
78,102091978,chonana1,로라이어트,https://static-cdn.jtvnw.net/jtv_user_pictures/chonana1-profile_image-35328d35ba39f8c7-300x300.png,3482983
79,151326507,box930205,와나나,https://static-cdn.jtvnw.net/jtv_user_pictures/8b90062fe78bd28b-profile_image-300x300.jpeg,1942492
80,81441754,kss7749,쉐리,https://static-cdn.jtvnw.net/jtv_user_pictures/kss7749-profile_image-a09a9471b637c10a-300x300.jpeg,16023455
81,131912519,erenjjing,에렌디라,https://static-cdn.jtvnw.net/jtv_user_pictures/4504d389-8e16-4f68-ba7e-88ce3ae12048-profile_image-300x300.png,6638682
82,417901095,gpdnjs2,온__,https://static-cdn.jtvnw.net/jtv_user_pictures/5672f99a-f169-43eb-8409-512f933e0167-profile_image-300x300.jpeg,121884
83,130433306,kanetv8,케인,https://static-cdn.jtvnw.net/jtv_user_pictures/kanetv8-profile_image-9e346fec55dc4c49-300x300.jpeg,6775749
85,147239905,playhearthstonekr,playhearthstonekr,https://static-cdn.jtvnw.net/jtv_user_pictures/63f34d87-4fbc-4d88-9067-4e9d0f6d239f-profile_image-300x300.jpeg,6120444
86,137538550,kiyulking,김기열,https://static-cdn.jtvnw.net/jtv_user_pictures/kiyulking-profile_image-3f030e470c525cc3-300x300.jpeg,2362670
87,149061865,sd0323,서라온,https://static-cdn.jtvnw.net/jtv_user_pictures/993f7078-185f-4dc0-b443-c1ee0c37c893-profile_image-300x300.png,66292
88,138686063,rooftopcat99,옥냥이,https://static-cdn.jtvnw.net/jtv_user_pictures/a5f88d13-b9e9-4469-8336-76e81b309bc5-profile_image-300x300.png,5633809
89,184506100,sjko3,꿀성준이,https://static-cdn.jtvnw.net/jtv_user_pictures/4cbbf303-a547-499f-ab99-8ad406b50fa5-profile_image-300x300.png,256901
90,103991968,naseongkim,김나성,https://static-cdn.jtvnw.net/jtv_user_pictures/d5650187-ee49-4be0-bb2a-a2fb1aea0d66-profile_image-300x300.png,8296017
91,92498447,classboso,classboso,https://static-cdn.jtvnw.net/jtv_user_pictures/65e8496c-b61d-453e-a243-cd860709739f-profile_image-300x300.png,517323
92,419795496,sooflower,수련수련,https://static-cdn.jtvnw.net/jtv_user_pictures/b42f499b-f546-4411-927d-827b17ed9849-profile_image-300x300.jpeg,329647
93,122754132,bighead033,빅헤드,https://static-cdn.jtvnw.net/jtv_user_pictures/bd78cfa0-2a52-4dc1-a719-60621d561879-profile_image-300x300.jpeg,6226981
94,118085846,mirdayo,미르다요,https://static-cdn.jtvnw.net/jtv_user_pictures/e8e97390-d207-4235-a744-c24944972fd4-profile_image-300x300.jpg,583963
95,138009898,silphtv,실프_,https://static-cdn.jtvnw.net/jtv_user_pictures/7f637114-9bfd-4969-ba86-18c166765157-profile_image-300x300.png,9663707
96,217868850,crazzyccat,크캣66,https://static-cdn.jtvnw.net/jtv_user_pictures/dea2252d-ab5f-4755-a093-037ba92d993d-profile_image-300x300.jpeg,222469
97,149298104,opare12,정세호,https://static-cdn.jtvnw.net/jtv_user_pictures/93e97bd8-5f54-42f1-8ed2-f147f96b9bfc-profile_image-300x300.png,37727
98,57069336,jmjdoc,칸데르니아,https://static-cdn.jtvnw.net/jtv_user_pictures/jmjdoc-profile_image-4ae0b7f77bbb97a9-300x300.jpeg,3869195
99,103264386,ik4rusk,이카루스_,https://static-cdn.jtvnw.net/jtv_user_pictures/ik4rusk-profile_image-ec8b08ba4a2ea656-300x300.png,196148
100,147090450,mister903,갱생레바,https://static-cdn.jtvnw.net/jtv_user_pictures/mister903-profile_image-7efd051f8974ace9-300x300.jpeg,13708535
101,151249156,portialyn,포셔,https://static-cdn.jtvnw.net/user-default-pictures/49988c7b-57bc-4dee-bd4f-6df4ad215d3a-profile_image-300x300.jpg,82567
102,139625245,gutterlife,거터,https://static-cdn.jtvnw.net/jtv_user_pictures/567f6252-99a9-46e8-8ba1-de3be899f996-profile_image-300x300.png,159624
103,86403736,kumikomii,고차비,https://static-cdn.jtvnw.net/jtv_user_pictures/4be85890-b9db-4e43-b693-a56f49f83586-profile_image-300x300.jpeg,4015259
104,219481943,jmk4429,금쿤2,https://static-cdn.jtvnw.net/jtv_user_pictures/a1fdd234-0728-45bc-a9ac-d2994167a39e-profile_image-300x300.png,550074
105,49233748,dogswellfish,개복어,https://static-cdn.jtvnw.net/jtv_user_pictures/26cddf32-a5c4-4c4d-8af4-f9e04dff069d-profile_image-300x300.png,12407702
106,30700412,nicegametv,nicegametv,https://static-cdn.jtvnw.net/jtv_user_pictures/nicegametv-profile_image-184e581bcde4a905-300x300.jpeg,17326859
107,137604582,rngudwnswkd,푸린_,https://static-cdn.jtvnw.net/jtv_user_pictures/rngudwnswkd-profile_image-ac8f306a5a04fed8-300x300.jpeg,1389690
108,401652231,tlfjaos,시러맨,https://static-cdn.jtvnw.net/jtv_user_pictures/9c7ea600-e790-4524-bdea-ad8e50e967d2-profile_image-300x300.png,2501973
109,188786546,yurani,이유란,https://static-cdn.jtvnw.net/jtv_user_pictures/433864fb-4955-4d80-82b5-15c4fb731c5a-profile_image-300x300.jpeg,1043201
110,166079347,obm1025,오킹,https://static-cdn.jtvnw.net/jtv_user_pictures/0bd71b32-6417-471c-8196-d58df1a0105d-profile_image-300x300.jpg,4103621
111,102389470,anchorstar,인제쿠닌,https://static-cdn.jtvnw.net/jtv_user_pictures/6a75df00fdba3b07-profile_image-300x300.png,800558
112,56152467,rldnddl789,아빠킹,https://static-cdn.jtvnw.net/jtv_user_pictures/b59b0162-2c5a-4f41-85c3-04b0023353c9-profile_image-300x300.png,3814433
113,102188531,dawnhs,DawNHS,https://static-cdn.jtvnw.net/jtv_user_pictures/dawnhs-profile_image-6bde9ec0356ae837-300x300.jpeg,7284202
114,119850800,jungjil,정질,https://static-cdn.jtvnw.net/jtv_user_pictures/jungjil-profile_image-1be828181258dbc9-300x300.jpeg,2705270
115,137404969,sonycast_,소니쇼,https://static-cdn.jtvnw.net/jtv_user_pictures/sonycast_-profile_image-ebca8b2445bd0c66-300x300.png,17117552
116,162125435,tkdtn307,순이__,https://static-cdn.jtvnw.net/jtv_user_pictures/418d41b0-9eeb-4a9c-aabc-f136131b2edf-profile_image-300x300.jpg,1067322
117,151090046,bumblebee_kr,범블비_,https://static-cdn.jtvnw.net/jtv_user_pictures/f3c1c9d5-2e59-4209-a5c2-a2456f13b59c-profile_image-300x300.jpg,115105
118,101735242,dingception,딩셉션,https://static-cdn.jtvnw.net/jtv_user_pictures/aa937128-58ba-4421-b6fb-404648e86b02-profile_image-300x300.jpg,12238119
119,100048373,taesangyun,태상,https://static-cdn.jtvnw.net/jtv_user_pictures/d4dd89f9499842b2-profile_image-300x300.jpeg,3860067
120,175163251,xkwhd,피닉스박1,https://static-cdn.jtvnw.net/jtv_user_pictures/00d773d6-0c5c-443a-947a-f3d765b95b4e-profile_image-300x300.jpg,3841007
121,137728196,dua3362,서넹,https://static-cdn.jtvnw.net/jtv_user_pictures/168b43b0-70ce-4faf-a8a3-8de02815866e-profile_image-300x300.png,2513330
122,31748575,maknoonlol,막눈_,https://static-cdn.jtvnw.net/jtv_user_pictures/3672c556-07a5-461c-bfdf-743e5e56f98c-profile_image-300x300.jpg,4830381
123,113164795,lucia94,루시아,https://static-cdn.jtvnw.net/jtv_user_pictures/72bd84be-fd49-4286-adc2-aea8bd783285-profile_image-300x300.png,2588062
124,60450726,uskki,어스키,https://static-cdn.jtvnw.net/jtv_user_pictures/uskki-profile_image-6cace0428d5ef6ae-300x300.png,1984509
125,148934000,kimdduddi,김뚜띠_,https://static-cdn.jtvnw.net/jtv_user_pictures/ee387ddb-7abc-45f3-9208-c5f909f26a98-profile_image-300x300.png,2366192
126,79946736,teaminven,teaminven,https://static-cdn.jtvnw.net/jtv_user_pictures/ee2af5f3-e68f-4e91-9e3b-0de674a6da8f-profile_image-300x300.png,14304708
127,165623114,loveseti,미모_,https://static-cdn.jtvnw.net/jtv_user_pictures/8e8c3045-f73e-4427-a7d5-f9e622c559eb-profile_image-300x300.png,2786737
128,195325402,wlswnwlswn,진주몬,https://static-cdn.jtvnw.net/jtv_user_pictures/2c61ac77-cc04-4f28-9630-6d66e788088d-profile_image-300x300.jpeg,3251258
129,102619512,wltn4765,지수소녀,https://static-cdn.jtvnw.net/jtv_user_pictures/31a1606a-f04d-4d6f-9bb0-0f384ffe9457-profile_image-300x300.png,952331
130,137753119,alenenwooptv,웁_게임방송,https://static-cdn.jtvnw.net/jtv_user_pictures/alenenwooptv-profile_image-14b300a12ea482ee-300x300.png,9720070
131,146647519,lol_khan,lol_Khan,https://static-cdn.jtvnw.net/jtv_user_pictures/92aa86a9-91a6-4ae2-941f-e3d709683ac7-profile_image-300x300.jpeg,903744
132,103482309,madkof_kof,동네형이한다,https://static-cdn.jtvnw.net/jtv_user_pictures/a0b93645-035d-499c-8ff6-954c9e053ef5-profile_image-300x300.png,553386
133,111045473,heavyrainism,heavyRainism,https://static-cdn.jtvnw.net/jtv_user_pictures/3e716b24-a324-4030-be00-a8d9c897a4ee-profile_image-300x300.png,5669639
134,178434287,kds200,정인신선,https://static-cdn.jtvnw.net/jtv_user_pictures/20aee38b-415d-4484-9346-b72d73f4bf2e-profile_image-300x300.png,561447
135,150664679,nanajam777,우정잉,https://static-cdn.jtvnw.net/jtv_user_pictures/7c2f0583-ce5f-465f-b165-4a1b10046316-profile_image-300x300.png,8017343
136,144200210,rkdthdus930,강소연,https://static-cdn.jtvnw.net/jtv_user_pictures/3b276cdc-8e41-477b-a311-3ab40ccbc912-profile_image-300x300.jpeg,2225592
137,138383895,genius_mad,지니어스매드,https://static-cdn.jtvnw.net/jtv_user_pictures/genius_mad-profile_image-f0c10774185a9ded-300x300.jpeg,1349227
138,140639269,uzuhama,우주하마,https://static-cdn.jtvnw.net/jtv_user_pictures/uzuhama-profile_image-1fa3d9e768ba1b9a-300x300.png,2188315
139,82223459,remguri,렘쨩,https://static-cdn.jtvnw.net/jtv_user_pictures/779d6f83-21d6-418b-91bc-4b3b062d1457-profile_image-300x300.jpeg,3941466
140,120568022,zzamtiger0310,짬타수아,https://static-cdn.jtvnw.net/jtv_user_pictures/zzamtiger0310-profile_image-8c15574777f68509-300x300.jpeg,8860112
141,39602058,nrmtzv,nrmtzv,https://static-cdn.jtvnw.net/user-default-pictures/b83b1794-7df9-4878-916c-88c2ad2e4f9f-profile_image-300x300.jpg,1093407
142,159714478,dahyeon_chu,다현쮸,https://static-cdn.jtvnw.net/jtv_user_pictures/ba2928b8-f9f1-49ca-92d6-66c0f56c822a-profile_image-300x300.jpeg,887173
143,74138996,yuhwanp,빢유환,https://static-cdn.jtvnw.net/jtv_user_pictures/7beb7ae1-11d4-4ed6-8764-a0c10c5ed33d-profile_image-300x300.png,219881
144,146549780,lol_woolf,lol_woolf,https://static-cdn.jtvnw.net/jtv_user_pictures/4720b1b4-16a3-4eed-aac5-fd36ced3b789-profile_image-300x300.png,2023822
145,56836663,buzzbean11,대도서관,https://static-cdn.jtvnw.net/jtv_user_pictures/edfe39e0-de9c-4378-b375-8ea7bdb51bfe-profile_image-300x300.png,3663729
146,179811902,hn950421,고말숙_,https://static-cdn.jtvnw.net/jtv_user_pictures/97640045-2a5e-4377-9b15-3e5b4c2a0ed3-profile_image-300x300.jpeg,4831725
147,194018600,dakong_,다콩,https://static-cdn.jtvnw.net/jtv_user_pictures/54eb0735-117b-442f-baee-70b61f317f4d-profile_image-300x300.png,801009
148,103368190,twitchkr,TwitchKR,https://static-cdn.jtvnw.net/jtv_user_pictures/twitchkr-profile_image-182075b0c96ac6d9-300x300.png,9359983
149,185876706,roxgamingpro,락스게이밍,https://static-cdn.jtvnw.net/jtv_user_pictures/82e12a63-51ff-43a1-a0f2-267c184dcbaf-profile_image-300x300.png,512378
150,81478902,collet11,코렛트,https://static-cdn.jtvnw.net/jtv_user_pictures/b64652b7f354b62f-profile_image-300x300.png,6242202
151,137612832,leehunnyeo,루다님_,https://static-cdn.jtvnw.net/jtv_user_pictures/2db3c2da-6a7d-469f-869e-322dde5cb677-profile_image-300x300.png,4816917
152,156432081,iwt2hw,헌영,https://static-cdn.jtvnw.net/jtv_user_pictures/abf519bfde8a33f0-profile_image-300x300.png,465220
153,150087657,tabasa_,서울토박이_,https://static-cdn.jtvnw.net/jtv_user_pictures/f96fd494-f59e-4ce0-aebb-11f4c4fc264d-profile_image-300x300.png,194869
154,116046835,juankorea,juankorea,https://static-cdn.jtvnw.net/jtv_user_pictures/ae1acc49-786c-43a4-aa65-4ed1d04ea4fb-profile_image-300x300.png,4057889
155,103440455,yd0821,양띵,https://static-cdn.jtvnw.net/jtv_user_pictures/6020327d-1cd3-4afb-aefd-62cfbb6f9695-profile_image-300x300.png,7362493
156,149587816,jubssal,좁쌀이,https://static-cdn.jtvnw.net/jtv_user_pictures/69b17ba6-2b24-4ccc-8c86-ea7ea842b721-profile_image-300x300.png,99879
157,181358670,mippu1112,미뿌_,https://static-cdn.jtvnw.net/jtv_user_pictures/f8c0599f-52ec-4aa9-9966-d4b6f26ab6aa-profile_image-300x300.png,436541
158,103865116,beyou0728,피유,https://static-cdn.jtvnw.net/jtv_user_pictures/3ec0a387-fb62-496e-8edc-5da90b60eb3c-profile_image-300x300.png,11116565
159,96883432,surrenderhs,서렌더,https://static-cdn.jtvnw.net/jtv_user_pictures/5e022f4a-7d78-44af-90f0-f9633daafa29-profile_image-300x300.jpg,4046154
160,225871292,jammi95,잼미님,https://static-cdn.jtvnw.net/jtv_user_pictures/cb117c12-4ff4-45ac-97c9-4b389ca4dba5-profile_image-300x300.png,1384869
161,114367508,yoonroot,윤루트,https://static-cdn.jtvnw.net/jtv_user_pictures/eb01ba42-0a83-4258-863d-ff434a189e7a-profile_image-300x300.png,5854146
162,144295271,maruemon1019,마루에몽,https://static-cdn.jtvnw.net/jtv_user_pictures/e1387eb8-1fc6-459e-af3a-24d4d0b62ca4-profile_image-300x300.png,4927403
163,152714599,t1_teddy,테디이,https://static-cdn.jtvnw.net/jtv_user_pictures/0cf0feaf-8ba9-4020-bb29-9a51e5cd420d-profile_image-300x300.jpeg,1126973
164,81693888,yaltank,얄땅,https://static-cdn.jtvnw.net/jtv_user_pictures/ab1f77d9-58fc-4274-ac78-a35b88383192-profile_image-300x300.png,1425400
165,102185878,mascahs,마스카,https://static-cdn.jtvnw.net/jtv_user_pictures/08cd2311635068d3-profile_image-300x300.png,15637293
166,138539768,lol_peanut,lol_peanut,https://static-cdn.jtvnw.net/jtv_user_pictures/df0b9b9e-446e-42da-b0c6-d811ce1eecc6-profile_image-300x300.jpg,7489379
167,169657197,dhdtufdl2,긍정인,https://static-cdn.jtvnw.net/jtv_user_pictures/c6212a5c-779b-47c0-8e23-bdd6c707b36b-profile_image-300x300.png,200303
168,160075583,playoverwatch_kr,오버워치_이스포츠,https://static-cdn.jtvnw.net/jtv_user_pictures/8aa6bbc2-e36e-40c2-a33e-84d117449114-profile_image-300x300.png,41253081
169,65287820,penyo_,ぺにょ,https://static-cdn.jtvnw.net/jtv_user_pictures/3d36d999-74f7-4211-90df-57431b031921-profile_image-300x300.png,1253023
170,40573163,starcraft_kr,StarCraft - Korean,https://static-cdn.jtvnw.net/jtv_user_pictures/3f47c6d3-2743-47ae-9dc3-13d4677842cf-profile_image-300x300.jpeg,7842964
171,193785576,njlyon12,콩만한정은이,https://static-cdn.jtvnw.net/jtv_user_pictures/b0585f42-6bdc-451a-ab52-8fd0b3908a60-profile_image-300x300.jpg,1192647
172,138287817,zoodasa,zoodasa,https://static-cdn.jtvnw.net/jtv_user_pictures/78858c8b-fcd5-4b76-9a91-cb89a15389f7-profile_image-300x300.png,727792
173,134586700,pjs9073,쫀득이_,https://static-cdn.jtvnw.net/jtv_user_pictures/0516dd15-5341-440b-ad6a-0ce15939f9cf-profile_image-300x300.png,2306714
174,421882431,mbcmlt4,엠비씨마리텔4,https://static-cdn.jtvnw.net/jtv_user_pictures/7b11ed57-fc1e-44f0-8aa1-6772802d5311-profile_image-300x300.jpeg,1046036
175,138542600,wkgml,견자희,https://static-cdn.jtvnw.net/jtv_user_pictures/207caf4b-94a5-418e-a9fa-40cc1fb4a8c2-profile_image-300x300.png,7818829
176,145178632,pakusyo,카게후미,https://static-cdn.jtvnw.net/user-default-pictures/cd618d3e-f14d-4960-b7cf-094231b04735-profile_image-300x300.jpg,2165721
177,30321496,swsungwan,올갱_,https://static-cdn.jtvnw.net/jtv_user_pictures/5810a892-033f-432b-aa84-a84226adc2c2-profile_image-300x300.png,514639
178,418577623,waterhyacinth_,콩비니_,https://static-cdn.jtvnw.net/jtv_user_pictures/80758585-e4d6-43bd-8a21-b54ad6a45bf2-profile_image-300x300.png,324658
179,145143869,1uming,루밍쨩,https://static-cdn.jtvnw.net/jtv_user_pictures/3af28c7f-4269-4763-a656-b68368d9d71a-profile_image-300x300.jpeg,2643450
180,159460851,sabin1,사빈1,https://static-cdn.jtvnw.net/jtv_user_pictures/09bbc21e-6f1a-44e4-a9ab-4f6eaa49935b-profile_image-300x300.png,208551
181,139765945,miro_geng,미로_03,https://static-cdn.jtvnw.net/jtv_user_pictures/d020ab82-c43a-493c-9e13-d7268739eacf-profile_image-300x300.png,2646722
182,177964080,haljeossi,할저씨,https://static-cdn.jtvnw.net/jtv_user_pictures/1108ee8f-5278-4780-ae3f-2a4aa56757d1-profile_image-300x300.png,1137194
183,138030712,tvcrank,크랭크_,https://static-cdn.jtvnw.net/jtv_user_pictures/45658e8d-cf96-47a8-9140-826e8500dafe-profile_image-300x300.png,23261572
184,138398723,kim_ruvy,김루비,https://static-cdn.jtvnw.net/jtv_user_pictures/9d765105-407a-42cc-aeda-21fc14ff2a41-profile_image-300x300.png,1188598
185,102900195,109ace,철면수심,https://static-cdn.jtvnw.net/jtv_user_pictures/109ace-profile_image-579a869e5635763f-300x300.png,11967220
186,157610532,naal89,나알,https://static-cdn.jtvnw.net/jtv_user_pictures/c1e707ad-19d0-41c8-b2eb-a59cb32f07d3-profile_image-300x300.png,1880023
187,421435359,mbcmlt1,엠비씨마리텔1,https://static-cdn.jtvnw.net/jtv_user_pictures/e2dd5154-44af-477f-ad04-db6175e15e3b-profile_image-300x300.jpeg,865812
188,159965232,dragon3652,스피드소닉,https://static-cdn.jtvnw.net/jtv_user_pictures/0998fb12-adb4-4e80-9a55-ce25bd98be77-profile_image-300x300.jpg,4162543
189,134301181,d_obby,도현_,https://static-cdn.jtvnw.net/jtv_user_pictures/60ca51cf-14ca-41bd-8d3e-e1615756e204-profile_image-300x300.png,659323
190,146584003,lol_madlife,매드라이프_,https://static-cdn.jtvnw.net/jtv_user_pictures/fedd2d7b-ec5c-41e5-b3fe-f0a0ef6be4cb-profile_image-300x300.jpg,5402473
191,136958210,www0606,_푸딩_,https://static-cdn.jtvnw.net/jtv_user_pictures/www0606-profile_image-4dc9b2beea4fa480-300x300.jpeg,7133060
192,127194152,blackhand18,블랙핸드,https://static-cdn.jtvnw.net/jtv_user_pictures/48a79ba401acf1d2-profile_image-300x300.png,685987
193,164234001,flowervin,꽃빈,https://static-cdn.jtvnw.net/jtv_user_pictures/fa760b5d-b8cc-4254-ae6a-7bf60229b2dd-profile_image-300x300.png,5966640
194,101791495,godbokihs,갓보기,https://static-cdn.jtvnw.net/jtv_user_pictures/c1b1175906ce05c7-profile_image-300x300.png,6988773
195,174034930,fastloves,홍진호,https://static-cdn.jtvnw.net/jtv_user_pictures/6d0d4f05-88ce-451f-9cb7-0222e74c01b9-profile_image-300x300.png,1769042
196,183576174,maruko_zzang,마루코_,https://static-cdn.jtvnw.net/jtv_user_pictures/966edd9d-b459-4705-9b7f-3cc2de6fa18d-profile_image-300x300.png,1919849
197,138029395,soming1907,소밍,https://static-cdn.jtvnw.net/jtv_user_pictures/906d9b41-8c46-44fc-986f-97b7996faa48-profile_image-300x300.png,2612773
198,75016953,game2eye,홍방장,https://static-cdn.jtvnw.net/jtv_user_pictures/game2eye-profile_image-14d379b220fa3aba-300x300.png,11912698
199,137897242,mambo3337,맘보,https://static-cdn.jtvnw.net/jtv_user_pictures/358da7ac2bb2def2-profile_image-300x300.png,2447055
200,137640527,nanayango3o,나나양,https://static-cdn.jtvnw.net/jtv_user_pictures/9986fed6-8971-4f24-9a21-2993f1abb273-profile_image-300x300.png,1671728
201,137958173,cwn222,제라르,https://static-cdn.jtvnw.net/jtv_user_pictures/cwn222-profile_image-71e0293fe878b982-300x300.jpeg,1627246
202,77300221,eodyd188,밴쯔_,https://static-cdn.jtvnw.net/jtv_user_pictures/467c3e2c-bf20-4f70-943c-0d1e3140964c-profile_image-300x300.png,145824
203,102384758,redtea,홍차,https://static-cdn.jtvnw.net/jtv_user_pictures/redtea-profile_image-8fdbad8b554817a9-300x300.jpeg,6575339
204,160349660,quuut3842,큐우티,https://static-cdn.jtvnw.net/jtv_user_pictures/5384a9f7-c4b1-43d0-917f-bfe82620b16a-profile_image-300x300.png,1350198
205,147184645,hj0514,백설양,https://static-cdn.jtvnw.net/jtv_user_pictures/308f7169-2b09-42fa-9522-30a7aa94ca1a-profile_image-300x300.jpg,3764747
206,106094955,faz20000,정의아재,https://static-cdn.jtvnw.net/jtv_user_pictures/fd531023-7af3-4c6d-8667-48552399328c-profile_image-300x300.png,1018637
207,112273354,qkfhzhal,에스카,https://static-cdn.jtvnw.net/jtv_user_pictures/qkfhzhal-profile_image-3ceeb6aad76110c6-300x300.jpeg,2455301
208,139430811,alang2222,별라,https://static-cdn.jtvnw.net/jtv_user_pictures/65a370d3-cf07-4027-b21d-17d2714e0534-profile_image-300x300.jpeg,1364010
209,68771419,drlee_kor,이선생84,https://static-cdn.jtvnw.net/jtv_user_pictures/drlee_kor-profile_image-c6e0e392c4545231-300x300.jpeg,1530478
210,198860406,berry0314,빛베리,https://static-cdn.jtvnw.net/jtv_user_pictures/bb1ac0d6-ff34-4ff8-8f98-1d3e0a86cf0d-profile_image-300x300.png,7785621
211,149188013,rkdwl12,강지,https://static-cdn.jtvnw.net/jtv_user_pictures/2f61b98c-2887-4997-8c8e-68612c9fb74c-profile_image-300x300.png,4549437
212,124467333,selly55,셀리,https://static-cdn.jtvnw.net/jtv_user_pictures/8339842c-c4c5-4f3d-a2f0-a0016ab8824e-profile_image-300x300.png,192397
213,173761270,hahaha1548,끼마끼마,https://static-cdn.jtvnw.net/jtv_user_pictures/468112a5-8872-499d-b072-e84b35a696a3-profile_image-300x300.png,112530
214,149377787,rockid1818,모모88,https://static-cdn.jtvnw.net/jtv_user_pictures/757d11fb-dac0-4177-8c1e-4e8075188e39-profile_image-300x300.png,2126355
215,138689767,s1032204,삐부,https://static-cdn.jtvnw.net/jtv_user_pictures/ea88a3ff-2495-4d5d-8590-1a29f782ebe2-profile_image-300x300.jpeg,3088505
216,139069248,jaewon4915,김재원_,https://static-cdn.jtvnw.net/jtv_user_pictures/e88f0e69-4bea-4186-a68f-411e5c950f69-profile_image-300x300.png,1923415
217,142514479,bonnysurang,김반희,https://static-cdn.jtvnw.net/jtv_user_pictures/3e3256ef-93ae-4a08-aefe-cdb8ca8c51a9-profile_image-300x300.png,2421818
218,154008278,miracle0o0,미라클티비,https://static-cdn.jtvnw.net/jtv_user_pictures/222363dd-fa52-4d23-9469-8ef4281d3406-profile_image-300x300.png,2953904
219,137884624,dmdtkadl69,응삼이,https://static-cdn.jtvnw.net/jtv_user_pictures/0bad62f6-882d-4ecd-a8c9-1b7e5a1ba627-profile_image-300x300.png,2212555
220,138536529,megthomatho,맥또마또,https://static-cdn.jtvnw.net/jtv_user_pictures/e5cb004d-70b7-42f9-b213-9de8cb219e15-profile_image-300x300.png,1554921
221,137687203,nokduro,녹두로,https://static-cdn.jtvnw.net/jtv_user_pictures/9c692e90-6f4f-4585-a3f3-f8610dfbf237-profile_image-300x300.png,1757239
222,175865451,warcraftkr,WarcraftKR,https://static-cdn.jtvnw.net/jtv_user_pictures/c0e56467-905e-4d2f-9d35-481544ec9d2d-profile_image-300x300.jpg,759230
223,139060194,sah_yang,금사향,https://static-cdn.jtvnw.net/jtv_user_pictures/0ca442c1-cf7c-45c3-8881-89f4e1955e8c-profile_image-300x300.png,1970185
224,176675885,i_am_bloooo,청묘님,https://static-cdn.jtvnw.net/jtv_user_pictures/da568287-068b-43fc-a71f-041c3fe4a290-profile_image-300x300.jpg,586691
225,142012105,lovelyyeon,_연두부_,https://static-cdn.jtvnw.net/jtv_user_pictures/052c0583898c3978-profile_image-300x300.png,1820522
226,57537500,zirara,지라라,https://static-cdn.jtvnw.net/jtv_user_pictures/zirara-profile_image-f7bf66d72fbf375f-300x300.png,1675520
227,161982841,ma_mwa,마뫄,https://static-cdn.jtvnw.net/jtv_user_pictures/4c8b4743-148c-4ef3-bab7-e7f7723751cd-profile_image-300x300.png,2702329
228,136821629,agu_tv,아구,https://static-cdn.jtvnw.net/jtv_user_pictures/76d5fc7e0c88f102-profile_image-300x300.jpeg,1459089
229,140577538,jjonaklove,쪼물락낙지,https://static-cdn.jtvnw.net/jtv_user_pictures/a90f72a3-338e-4f98-a7be-e1ac8c57a28a-profile_image-300x300.png,2421588
230,104757295,jamesbread,잼빵,https://static-cdn.jtvnw.net/jtv_user_pictures/be4d4a7c4958c3e6-profile_image-300x300.png,1947843
231,138462578,hwkang2,캡틴잭,https://static-cdn.jtvnw.net/jtv_user_pictures/92794b6f-d7c4-4500-ac5b-3b4f03f436ea-profile_image-300x300.png,3276654
232,157806505,gjgjgjwnsgur,흐쟁이덩,https://static-cdn.jtvnw.net/jtv_user_pictures/1a17ac4335b9bcc4-profile_image-300x300.jpeg,1052555
233,134433708,charming_jo,Charming_Jo,https://static-cdn.jtvnw.net/jtv_user_pictures/e33f5270-9f66-4c8a-8caf-155b9d5a7b1d-profile_image-300x300.png,3650820
234,198646065,tosuni1,토순아,https://static-cdn.jtvnw.net/jtv_user_pictures/c4e03d4f-2cc8-4142-bfe8-73b788267144-profile_image-300x300.png,638615
235,114968501,ddolking555,똘킹,https://static-cdn.jtvnw.net/jtv_user_pictures/75a75cd3-94b5-44fb-a473-72d8f7776766-profile_image-300x300.png,4898456
236,45524043,myzet1990,개구몽,https://static-cdn.jtvnw.net/jtv_user_pictures/42077c7e-7985-4a05-a65d-2daa40684c42-profile_image-300x300.png,8758792
237,169736752,rnlghs128,김덕만,https://static-cdn.jtvnw.net/jtv_user_pictures/400fa2ef-6405-4c4a-a4d7-f601f207b164-profile_image-300x300.png,417119
238,158287895,9ra5646,구라티비,https://static-cdn.jtvnw.net/jtv_user_pictures/53762e15-7545-4949-9264-9d3d8f5fc5ab-profile_image-300x300.jpg,1006709
239,138080875,alstn9947,형독방송,https://static-cdn.jtvnw.net/jtv_user_pictures/4bc538c962ceb135-profile_image-300x300.png,1671493
240,81762924,yeonhyang13,용연향,https://static-cdn.jtvnw.net/jtv_user_pictures/48004243-e1ff-4eae-9ab2-f3c2f070b7d8-profile_image-300x300.png,2390888
241,102366581,draquinas,DrAquinas,https://static-cdn.jtvnw.net/jtv_user_pictures/d0838035-3dc4-45f6-8bfc-3db51dd15b17-profile_image-300x300.png,929998
242,233283837,ddraming,도다람이,https://static-cdn.jtvnw.net/jtv_user_pictures/9fb3afe5-b134-45ad-bdeb-e04c99cbad87-profile_image-300x300.png,234150
243,194230187,pikra10,재슥짱,https://static-cdn.jtvnw.net/jtv_user_pictures/f1927e40-6561-4af3-970d-4711df08bb52-profile_image-300x300.jpg,2451969
244,131993274,rbhr,데드풀,https://static-cdn.jtvnw.net/jtv_user_pictures/d40c7982-f6c4-4c46-a7aa-fa356ae31874-profile_image-300x300.png,3307849
245,145808617,ansansniper,안산저격수,https://static-cdn.jtvnw.net/jtv_user_pictures/c4d2467b-5df3-46e8-8dc5-312f1a85a500-profile_image-300x300.png,515243
246,215906056,h90022,이곰이,https://static-cdn.jtvnw.net/jtv_user_pictures/fff45ef7-678d-47d8-bb1a-ee61d5ee02f5-profile_image-300x300.png,137443
247,146466793,clid,clid,https://static-cdn.jtvnw.net/jtv_user_pictures/d2b235f1-75f9-4e3e-883a-57ec19d9ef5a-profile_image-300x300.jpeg,388890
248,422049917,mbcmlt3,엠비씨마리텔3,https://static-cdn.jtvnw.net/jtv_user_pictures/0daf0211-6f14-4a62-96d7-dae9123e0c37-profile_image-300x300.jpeg,813178
249,143563349,bang,bang,https://static-cdn.jtvnw.net/jtv_user_pictures/bang-profile_image-477a0dc9cd506874-300x300.jpeg,7480718
